id,first_name,last_name,email,gender,ip_address
1,Angie,Coxon,acoxon0@economist.com,Polygender,38.194.45.113
2,Gene,Duffan,gduffan1@businesswire.com,Genderqueer,212.215.167.247
3,Lyn,Dingate,ldingate2@nasa.gov,Genderqueer,240.167.65.74
4,Jonie,Pheazey,jpheazey3@telegraph.co.uk,Genderfluid,155.218.43.81
5,Lark,Wahner,lwahner4@networkadvertising.org,Non-binary,212.2.8.25
6,Grethel,Limbert,glimbert5@nps.gov,Genderqueer,96.249.58.101
7,Loretta,Lascelles,llascelles6@hc360.com,Agender,128.109.161.222
8,Euphemia,Hazeldene,ehazeldene7@utexas.edu,Genderfluid,81.170.78.87
9,Charlotta,Lazare,clazare8@webmd.com,Genderfluid,183.241.228.36
10,Tomasina,Bearblock,tbearblock9@surveymonkey.com,Male,137.55.156.140
